name,slug,description,assets,facets,optionGroups,optionValues,sku,price,taxCategory,stockOnHand,trackInventory,variantAssets,variantFacets
Essential Heavyweight Tee,essential-heavyweight-tee,"A substantial everyday tee in soft compact cotton, cut with an easy regular fit.",plain-tee-off-white.png,category:T-shirts|style:Plain,"colour|size","Off White|XS",OCDLY-TEE-ECRU-XS,1499.00,India apparel GST,12,true,,
,,,,,,"Off White|S",OCDLY-TEE-ECRU-S,1499.00,India apparel GST,24,true,,
,,,,,,"Off White|M",OCDLY-TEE-ECRU-M,1499.00,India apparel GST,30,true,,
,,,,,,"Off White|L",OCDLY-TEE-ECRU-L,1499.00,India apparel GST,24,true,,
,,,,,,"Off White|XL",OCDLY-TEE-ECRU-XL,1499.00,India apparel GST,12,true,,
One More Scroll Tee,one-more-scroll-tee,"An original ocdly print for the familiar promise that the next scroll will be the last.",printed-tee-one-more-scroll.png,category:T-shirts|style:Printed,"colour|size","Washed Black|XS",OCDLY-TEE-SCROLL-WBK-XS,1799.00,India apparel GST,8,true,,
,,,,,,"Washed Black|S",OCDLY-TEE-SCROLL-WBK-S,1799.00,India apparel GST,18,true,,
,,,,,,"Washed Black|M",OCDLY-TEE-SCROLL-WBK-M,1799.00,India apparel GST,24,true,,
,,,,,,"Washed Black|L",OCDLY-TEE-SCROLL-WBK-L,1799.00,India apparel GST,18,true,,
,,,,,,"Washed Black|XL",OCDLY-TEE-SCROLL-WBK-XL,1799.00,India apparel GST,8,true,,
Linen Ease Shirt,linen-ease-shirt,"A breathable linen-blend shirt with a relaxed silhouette for warm days and unhurried evenings.",linen-shirt.jpg,category:Shirts|style:Plain,"colour|size","Natural|XS",OCDLY-SHIRT-LINEN-NAT-XS,2499.00,India apparel GST,6,true,,
,,,,,,"Natural|S",OCDLY-SHIRT-LINEN-NAT-S,2499.00,India apparel GST,14,true,,
,,,,,,"Natural|M",OCDLY-SHIRT-LINEN-NAT-M,2499.00,India apparel GST,18,true,,
,,,,,,"Natural|L",OCDLY-SHIRT-LINEN-NAT-L,2499.00,India apparel GST,14,true,,
,,,,,,"Natural|XL",OCDLY-SHIRT-LINEN-NAT-XL,2499.00,India apparel GST,6,true,,
